,VoterID,result of attempt
14,1190763748.0,Canvassed
15,1186729886.0,Canvassed
17,1190763748.0,Canvassed
20,2141173305.0,Canvassed
48,2146340102.0,Canvassed
53,2127479936.0,Canvassed
64,2192067323.0,Canvassed
65,2174861858.0,Canvassed
67,2192067323.0,Canvassed
69,2174861858.0,Canvassed
72,1142092670.0,Canvassed
83,2176202962.0,Canvassed
92,1150092850.0,Canvassed
93,2135254541.0,Canvassed
98,2167357470.0,Canvassed
100,2167357470.0,Canvassed
132,2124569017.0,Canvassed
135,1110263567.0,Canvassed
139,1106487054.0,Canvassed
147,1110263567.0,Canvassed
158,2151256908.0,Canvassed
162,1202167782.0,Canvassed
165,2191895102.0,Canvassed
166,2170440694.0,Canvassed
172,1145409931.0,Canvassed
173,2168084901.0,Canvassed
178,2159503923.0,Canvassed
179,1110229937.0,Canvassed
181,2179111952.0,Canvassed
189,2175398357.0,Canvassed
190,2179111952.0,Canvassed
191,2185156048.0,Canvassed
204,1176062880.0,Canvassed
209,1219899660.0,Canvassed
216,1175864856.0,Canvassed
245,1120811962.0,Canvassed
254,2163775807.0,Canvassed
277,1110262381.0,Canvassed
287,2179241338.0,Canvassed
288,2184950497.0,Canvassed
290,2179241338.0,Canvassed
295,1201745153.0,Canvassed
305,2179289672.0,Canvassed
311,1198579975.0,Canvassed
329,1108065455.0,Canvassed
331,1108065455.0,Canvassed
333,2161426715.0,Canvassed
343,1186562616.0,Canvassed
344,1183201712.0,Canvassed
347,2165061968.0,Canvassed
349,2165061968.0,Canvassed
362,2127898094.0,Canvassed
374,2160116135.0,Canvassed
379,1144755372.0,Canvassed
390,2177378104.0,Canvassed
404,1167508489.0,Canvassed
405,1119204941.0,Canvassed
407,1198319477.0,Canvassed
414,1217302384.0,Canvassed
431,1166972754.0,Canvassed
438,1119146567.0,Canvassed
449,1154673406.0,Canvassed
452,2123707052.0,Canvassed
453,1119270845.0,Canvassed
460,2001128096.0,Canvassed
479,2190061122.0,Canvassed
480,1183200795.0,Canvassed
483,1110619622.0,Canvassed
486,2187148578.0,Canvassed
492,2187148578.0,Canvassed
497,2128152588.0,Canvassed
499,2109985228.0,Canvassed
504,1110627754.0,Canvassed
511,2119772358.0,Canvassed
513,1206763825.0,Canvassed
521,2142575849.0,Canvassed
537,2184382934.0,Canvassed
553,2154602947.0,Canvassed
554,2148360156.0,Canvassed
557,2156123624.0,Canvassed
563,1110691576.0,Canvassed
576,1174337681.0,Canvassed
579,2175670382.0,Canvassed
599,2134023441.0,Canvassed
619,2161896237.0,Canvassed
625,1110643534.0,Canvassed
628,2183770455.0,Canvassed
629,2179553633.0,Canvassed
637,1119180148.0,Canvassed
644,1203507172.0,Canvassed
646,2188068662.0,Canvassed
647,2130833284.0,Canvassed
649,2167357368.0,Canvassed
654,1119246158.0,Canvassed
661,2192839611.0,Canvassed
674,2177711571.0,Canvassed
675,2158670854.0,Canvassed
676,2166874831.0,Canvassed
687,1102305070.0,Canvassed
743,1110182405.0,Canvassed
748,1115273291.0,Canvassed
757,1141640075.0,Canvassed
758,2167412719.0,Canvassed
786,2184343062.0,Canvassed
789,2155665293.0,Canvassed
792,2158241234.0,Canvassed
793,2157769944.0,Canvassed
798,1202428875.0,Canvassed
799,2161488653.0,Canvassed
801,1112096227.0,Canvassed
802,2137935121.0,Canvassed
805,1193964089.0,Canvassed
806,1110214011.0,Canvassed
808,1110261763.0,Canvassed
810,2160740474.0,Canvassed
811,1164036179.0,Canvassed
812,1106520068.0,Canvassed
814,2121145153.0,Canvassed
816,2140464649.0,Canvassed
819,1108607940.0,Canvassed
822,1110237518.0,Canvassed
823,2184697623.0,Canvassed
824,1141630958.0,Canvassed
827,2186671672.0,Canvassed
831,2136830169.0,Canvassed
832,1113406000.0,Canvassed
833,2189122566.0,Canvassed
838,2166856477.0,Canvassed
839,2185993746.0,Canvassed
840,2165047789.0,Canvassed
841,2184384368.0,Canvassed
846,2186975698.0,Canvassed
847,2148410940.0,Canvassed
848,1199598862.0,Canvassed
850,1205672269.0,Canvassed
855,1146303859.0,Canvassed
871,2124709636.0,Canvassed
872,1103142700.0,Canvassed
882,2169163901.0,Canvassed
885,2137704050.0,Canvassed
888,1110636188.0,Canvassed
889,1110628681.0,Canvassed
902,1111112678.0,Canvassed
912,2122488120.0,Canvassed
930,1221248089.0,Canvassed
936,1221248089.0,Canvassed
942,1197292018.0,Canvassed
951,1213613069.0,Canvassed
956,1103176206.0,Canvassed
966,1110652747.0,Canvassed
976,,Canvassed
988,,Canvassed
989,1110652602.0,Canvassed
990,1187304046.0,Canvassed
992,1103053529.0,Canvassed
1000,1110660428.0,Canvassed
1003,2135861597.0,Canvassed
1005,2124048414.0,Canvassed
1012,2190961699.0,Canvassed
1016,2128582251.0,Canvassed
1018,2164598220.0,Canvassed
1020,1103209375.0,Canvassed
1029,1174418529.0,Canvassed
1038,2144209237.0,Canvassed
1042,1178944881.0,Canvassed
1051,2190924443.0,Canvassed
1071,2148816801.0,Canvassed
1078,2180322394.0,Canvassed
1111,1102281336.0,Canvassed
1113,2159903817.0,Canvassed
1115,1162504698.0,Canvassed
1117,1205631444.0,Canvassed
1118,1162504698.0,Canvassed
1119,1151861342.0,Canvassed
1124,1181171662.0,Canvassed
1140,2177296900.0,Canvassed
1143,2177296900.0,Canvassed
1144,2191281645.0,Canvassed
1148,1203352749.0,Canvassed
1151,2003362373.0,Canvassed
1174,2189019226.0,Canvassed
1175,1162139055.0,Canvassed
1184,2174296557.0,Canvassed
1208,2162415931.0,Canvassed
1212,2159456493.0,Canvassed
1213,2151858481.0,Canvassed
1214,2168463524.0,Canvassed
1222,1081183999.0,Canvassed
1223,1081183999.0,Canvassed
1242,2131216051.0,Canvassed
1261,2179189861.0,Canvassed
1273,2189284212.0,Canvassed
1280,1215746261.0,Canvassed
1281,1210823275.0,Canvassed
1283,1111167508.0,Canvassed
1295,2166344334.0,Canvassed
1296,2173627720.0,Canvassed
1297,2183718186.0,Canvassed
1307,1103511343.0,Canvassed
1308,2172956047.0,Canvassed
1334,1103283975.0,Canvassed
1340,2145055203.0,Canvassed
1346,1103070199.0,Canvassed
1366,1110643743.0,Canvassed
1370,1109948162.0,Canvassed
1390,1110603039.0,Canvassed
1400,2187595275.0,Canvassed
1417,2140444767.0,Canvassed
1418,1110611631.0,Canvassed
1423,1103184749.0,Canvassed
1432,1103118646.0,Canvassed
1444,2185547228.0,Canvassed
1466,2172015718.0,Canvassed
1467,1103142293.0,Canvassed
1480,1117891450.0,Canvassed
1487,2190523187.0,Canvassed
1493,2180163681.0,Canvassed
1501,1187282498.0,Canvassed
1503,1204780772.0,Canvassed
1516,2134692246.0,Canvassed
1528,2158032471.0,Canvassed
1529,2140142764.0,Canvassed
1538,1221923433.0,Canvassed
1539,1222203784.0,Canvassed
1547,2119765388.0,Canvassed
1548,2173732262.0,Canvassed
1555,1110627173.0,Canvassed
1573,2136072861.0,Canvassed
1582,2153666855.0,Canvassed
1599,1154287516.0,Canvassed
1600,2161130277.0,Canvassed
1606,1170715304.0,Canvassed
1613,2155240849.0,Canvassed
1623,2122054943.0,Canvassed
1641,1149687376.0,Canvassed
1643,1162805104.0,Canvassed
1655,1166780672.0,Canvassed
1670,2170447488.0,Canvassed
1676,2150550439.0,Canvassed
1689,2188437973.0,Canvassed
1705,1218852754.0,Canvassed
1709,2142476543.0,Canvassed
1710,2162062500.0,Canvassed
1712,2162062500.0,Canvassed
1717,2174815051.0,Canvassed
1720,1202502399.0,Canvassed
1723,1183688625.0,Canvassed
1782,1104958427.0,Canvassed
1786,2137314127.0,Canvassed
1787,2143592312.0,Canvassed
1811,2147098022.0,Canvassed
1812,1180654804.0,Canvassed
1816,2148677577.0,Canvassed
1847,2143406509.0,Canvassed
1858,1176623452.0,Canvassed
1862,1196614783.0,Canvassed
1869,1116682880.0,Canvassed
1870,2144886134.0,Canvassed
1871,1111191615.0,Canvassed
1872,1112405725.0,Canvassed
1873,1170995500.0,Canvassed
1874,1119178625.0,Canvassed
1875,1103719255.0,Canvassed
1876,2186509165.0,Canvassed
1877,1111925709.0,Canvassed
1878,1211848700.0,Canvassed
1879,1110661687.0,Canvassed
1880,2001172788.0,Canvassed
1881,2125750267.0,Canvassed
1882,2001754649.0,Canvassed
1883,1103045569.0,Canvassed
1884,1114347291.0,Canvassed
1885,2184567301.0,Canvassed
1886,1143689024.0,Canvassed
1887,1209727599.0,Canvassed
1888,1171719970.0,Canvassed
1889,2166127963.0,Canvassed
1890,2148862425.0,Canvassed
1891,2183834737.0,Canvassed
1892,2164686043.0,Canvassed
1893,2161674570.0,Canvassed
1894,2135421529.0,Canvassed
1895,2177942933.0,Canvassed
1896,1153898979.0,Canvassed
1897,2137960816.0,Canvassed
1898,1102280756.0,Canvassed
1899,1102298111.0,Canvassed
1900,1103049503.0,Canvassed
1901,1103184488.0,Canvassed
1902,1119196179.0,Canvassed
1903,1166780672.0,Canvassed
1904,1112409138.0,Canvassed
1905,2179361930.0,Canvassed
1906,1202793966.0,Canvassed
1907,1152945860.0,Canvassed
1908,1119228792.0,Canvassed
1909,1110198951.0,Canvassed
1910,1201571112.0,Canvassed
1911,2179587769.0,Canvassed
1912,1109255465.0,Canvassed
1913,2177336319.0,Canvassed
1914,1218577067.0,Canvassed
1915,2001837800.0,Canvassed
1916,2164272012.0,Canvassed
1917,2135517680.0,Canvassed
1918,2136828547.0,Canvassed
1919,2156760673.0,Canvassed
1920,1199159941.0,Canvassed
1921,1213440415.0,Canvassed
1922,1146383861.0,Canvassed
1923,1103577879.0,Canvassed
1924,1111908536.0,Canvassed
1925,2168552480.0,Canvassed
1926,1112367208.0,Canvassed
1927,2152579211.0,Canvassed
1928,1111191881.0,Canvassed
1929,1102288536.0,Canvassed
1930,1219762392.0,Canvassed
1931,2180332978.0,Canvassed
1932,2187464508.0,Canvassed
1933,1108812362.0,Canvassed
1934,1043427395.0,Canvassed
1935,1147395094.0,Canvassed
1936,1102265724.0,Canvassed
1937,1112447565.0,Canvassed
1938,2179356118.0,Canvassed
1939,1103154991.0,Canvassed
1940,2178529666.0,Canvassed
1941,2144591279.0,Canvassed
1942,,Canvassed
1943,2184040842.0,Canvassed
1944,2186281584.0,Canvassed
1945,2132768912.0,Canvassed
1946,1174165311.0,Canvassed
1947,2180450496.0,Canvassed
1948,1108806210.0,Canvassed
1949,1112344251.0,Canvassed
1950,1104248838.0,Canvassed
1951,2176486300.0,Canvassed
1952,1103032468.0,Canvassed
1953,1139406086.0,Canvassed
1954,1102344612.0,Canvassed
1955,1212405184.0,Canvassed
1956,2123590810.0,Canvassed
1957,2174747904.0,Canvassed
1958,1102365946.0,Canvassed
1959,1216330175.0,Canvassed
1960,1165576025.0,Canvassed
1961,2159200426.0,Canvassed
1962,2142760737.0,Canvassed
1963,1121548492.0,Canvassed
1964,2124474180.0,Canvassed
1965,2137839489.0,Canvassed
1966,1203400517.0,Canvassed
1967,1110611620.0,Canvassed
1968,2002175359.0,Canvassed
1969,1203537020.0,Canvassed
1970,2143516585.0,Canvassed
1971,2188489848.0,Canvassed
1972,2120800245.0,Canvassed
1973,1102752620.0,Canvassed
1974,1110277717.0,Canvassed
1975,1179530270.0,Canvassed
1976,2185581064.0,Canvassed
1977,1180830706.0,Canvassed
1978,2170447899.0,Canvassed
1979,2127199855.0,Canvassed
1980,1161501775.0,Canvassed
1981,1108858843.0,Canvassed
1982,1165291223.0,Canvassed
1983,1206397977.0,Canvassed
1984,1144441025.0,Canvassed
1985,1102751899.0,Canvassed
1986,2173951744.0,Canvassed
1987,1191763736.0,Canvassed
1988,1102311807.0,Canvassed
1989,1161348367.0,Canvassed
1990,2186508278.0,Canvassed
1991,1110122288.0,Canvassed
1992,1180944303.0,Canvassed
1993,2160115952.0,Canvassed
1994,1185767924.0,Canvassed
1995,2145890750.0,Canvassed
1996,1111158835.0,Canvassed
1997,2156642512.0,Canvassed
1998,1103069179.0,Canvassed
1999,2165258760.0,Canvassed
2000,2164259200.0,Canvassed
2001,2145999724.0,Canvassed
2002,2177616562.0,Canvassed
2003,1103942287.0,Canvassed
2004,1061260847.0,Canvassed
2005,2128428129.0,Canvassed
2006,1170768035.0,Canvassed
2007,1111917349.0,Canvassed
2008,2176521321.0,Canvassed
2009,1112335062.0,Canvassed
2010,1102321583.0,Canvassed
2011,2175950837.0,Canvassed
2012,2159634239.0,Canvassed
2013,2179784020.0,Canvassed
2014,2158213781.0,Canvassed
2015,2141580130.0,Canvassed
2016,2163935663.0,Canvassed
2017,2164685932.0,Canvassed
2018,2153867488.0,Canvassed
2019,2003071645.0,Canvassed
2020,1111875457.0,Canvassed
2021,1105752187.0,Canvassed
2022,2121986057.0,Canvassed
2023,2176309561.0,Canvassed
2024,2129640847.0,Canvassed
2025,1219036818.0,Canvassed
2026,2179192264.0,Canvassed
2027,2184005065.0,Canvassed
2039,2152560280.0,Canvassed
2041,2152564817.0,Canvassed
2043,1121595383.0,Canvassed
2052,2142466347.0,Canvassed
2065,2180196974.0,Canvassed
2069,1206972499.0,Canvassed
2070,2131959477.0,Canvassed
2072,2163148723.0,Canvassed
2079,2187265645.0,Canvassed
2080,2162625136.0,Canvassed
2082,2153477695.0,Canvassed
2103,2129640847.0,Canvassed
2105,2135781849.0,Canvassed
2107,2160671458.0,Canvassed
2108,1208347413.0,Canvassed
2109,1119128670.0,Canvassed
2125,2173873490.0,Canvassed
2132,2189281434.0,Canvassed
2136,1220095754.0,Canvassed
2140,1119153655.0,Canvassed
2158,2135518626.0,Canvassed
2162,2185437167.0,Canvassed
2167,2124866485.0,Canvassed
2178,1119136963.0,Canvassed
2185,2137938012.0,Canvassed
2191,2001619839.0,Canvassed
2192,2184243162.0,Canvassed
2198,2160057623.0,Canvassed
2214,1159397097.0,Canvassed
2223,1193850691.0,Canvassed
2240,1195396368.0,Canvassed
2245,2125237333.0,Canvassed
2253,1105794617.0,Canvassed
2254,,Canvassed
2258,1115945628.0,Canvassed
2260,1206972499.0,Canvassed
2261,2131959477.0,Canvassed
2296,2155351441.0,Canvassed
2297,1179275300.0,Canvassed
2300,2148669578.0,Canvassed
2307,2147726432.0,Canvassed
2312,2157271235.0,Canvassed
2316,1112217177.0,Canvassed
2320,1208874539.0,Canvassed
2324,2166802268.0,Canvassed
2327,1196811067.0,Canvassed
2335,2187265645.0,Canvassed
2338,2173945280.0,Canvassed
2341,1112978529.0,Canvassed
2357,2142413795.0,Canvassed
2371,2185428620.0,Canvassed
2372,2160360761.0,Canvassed
2375,2140266829.0,Canvassed
2377,1172482292.0,Canvassed
2384,2131680307.0,Canvassed
2386,2124750199.0,Canvassed
2392,1105832726.0,Canvassed
2393,2163148723.0,Canvassed
2394,1112240646.0,Canvassed
2406,2153477695.0,Canvassed
2407,2135156676.0,Canvassed
2411,1211326336.0,Canvassed
2420,1222198410.0,Canvassed
2421,2158839450.0,Canvassed
2424,2140884639.0,Canvassed
2428,2178913145.0,Canvassed
2434,1199571449.0,Canvassed
2441,1108556117.0,Canvassed
2446,1206757441.0,Canvassed
2456,2162625136.0,Canvassed
2457,2122413478.0,Canvassed
2468,1108851425.0,Canvassed
2475,1208700573.0,Canvassed
2487,1216084214.0,Canvassed
2498,2145652343.0,Canvassed
2504,2140081762.0,Canvassed
2515,1200172996.0,Canvassed
2517,2002521928.0,Canvassed
2536,1171575893.0,Canvassed
2552,1112405725.0,Canvassed
2562,1114668779.0,Canvassed
2577,2147856514.0,Canvassed
2579,1168777131.0,Canvassed
2585,2191743297.0,Canvassed
2589,1185770268.0,Canvassed
2639,1106831550.0,Canvassed
2645,2150577374.0,Canvassed
2659,1112335635.0,Canvassed
2663,1112335635.0,Canvassed
2670,2143961083.0,Canvassed
2671,2164689477.0,Canvassed
2715,2171120050.0,Canvassed
2716,2189484748.0,Canvassed
2717,2138669915.0,Canvassed
2718,2189484345.0,Canvassed
2726,2161373330.0,Canvassed
2727,2175063504.0,Canvassed
2766,2001976110.0,Canvassed
2768,2173784071.0,Canvassed
2769,2173783703.0,Canvassed
2778,1161361442.0,Canvassed
2788,2147808379.0,Canvassed
2828,2000713099.0,Canvassed
2835,2188468196.0,Canvassed
2854,2190169386.0,Canvassed
2864,1163669173.0,Canvassed
2895,1157794147.0,Canvassed
2898,2184990046.0,Canvassed
2901,1185127014.0,Canvassed
2903,2188607651.0,Canvassed
2905,2166136943.0,Canvassed
2927,1013040735.0,Canvassed
2956,2192069280.0,Canvassed
2957,2192069280.0,Canvassed
2958,1208197685.0,Canvassed
2959,1208197685.0,Canvassed
2962,2155665054.0,Canvassed
2965,1120807330.0,Canvassed
2968,2150278376.0,Canvassed
2969,2148524449.0,Canvassed
2970,2173769452.0,Canvassed
2971,2150278376.0,Canvassed
2972,1109194398.0,Canvassed
2973,2148524449.0,Canvassed
2984,1204283030.0,Canvassed
2989,2123779083.0,Canvassed
2992,2183721025.0,Canvassed
3002,2153272348.0,Canvassed
3023,1112328356.0,Canvassed
3033,2180571100.0,Canvassed
3034,,Canvassed
3037,2193106594.0,Canvassed
3041,1192953815.0,Canvassed
3043,1119683993.0,Canvassed
3047,2175686256.0,Canvassed
3052,2190921861.0,Canvassed
3054,2179784841.0,Canvassed
3057,1146534013.0,Canvassed
3061,2193193670.0,Canvassed
3066,1174676492.0,Canvassed
3070,2152087826.0,Canvassed
3074,2001621694.0,Canvassed
3093,2160603975.0,Canvassed
3101,2178852320.0,Canvassed
3112,1194960589.0,Canvassed
3128,2177732864.0,Canvassed
3130,1217758890.0,Canvassed
3132,2192316053.0,Canvassed
3135,1141592030.0,Canvassed
3137,1145048735.0,Canvassed
3152,1068694055.0,Canvassed
3161,1112424106.0,Canvassed
3162,2122318879.0,Canvassed
3177,1112384318.0,Canvassed
3181,1108033231.0,Canvassed
3186,2141530907.0,Canvassed
3187,2152554486.0,Canvassed
3191,2142666759.0,Canvassed
3193,1183715193.0,Canvassed
3194,1216367141.0,Canvassed
3201,1169034201.0,Canvassed
3207,2144422330.0,Canvassed
3210,1112405760.0,Canvassed
3217,2191284749.0,Canvassed
3225,2126173864.0,Canvassed
3226,1163569257.0,Canvassed
3232,1175084258.0,Canvassed
3238,2159377001.0,Canvassed
3241,1180202915.0,Canvassed
3242,1183890913.0,Canvassed
3243,2173089277.0,Canvassed
3246,2132735567.0,Canvassed
3248,1191751143.0,Canvassed
3249,1171299548.0,Canvassed
3251,1203010967.0,Canvassed
3256,1141602697.0,Canvassed
3261,2160517998.0,Canvassed
3272,1112336267.0,Canvassed
3277,2174293652.0,Canvassed
3279,2160290369.0,Canvassed
3280,2176528226.0,Canvassed
3281,1112440598.0,Canvassed
3285,2156160597.0,Canvassed
3291,2156537680.0,Canvassed
3294,1186004962.0,Canvassed
3303,1109934923.0,Canvassed
3305,2140303172.0,Canvassed
3310,1109951755.0,Canvassed
3312,2187677261.0,Canvassed
3317,2001350587.0,Canvassed
3318,1108268857.0,Canvassed
3321,2163771120.0,Canvassed
3323,1112334689.0,Canvassed
3330,1178605154.0,Canvassed
3349,2160371048.0,Canvassed
3356,1195597454.0,Canvassed
3362,1112340654.0,Canvassed
3368,2192025986.0,Canvassed
3369,2136918822.0,Canvassed
3371,1153027280.0,Canvassed
3378,1198288387.0,Canvassed
3386,1171762447.0,Canvassed
3393,1219036716.0,Canvassed
3394,2179192264.0,Canvassed
3401,1105387629.0,Canvassed
3438,2002436826.0,Canvassed
3443,2164115260.0,Canvassed
3444,2125189233.0,Canvassed
3465,1102486561.0,Canvassed
3467,2178946426.0,Canvassed
3489,1101056275.0,Canvassed
3495,1112393524.0,Canvassed
3497,1168327606.0,Canvassed
3500,1179385520.0,Canvassed
3501,1112351893.0,Canvassed
3506,2157064053.0,Canvassed
3509,2190019161.0,Canvassed
3517,2171125571.0,Canvassed
3523,2185160578.0,Canvassed
3525,2127167491.0,Canvassed
3530,1219208112.0,Canvassed
3534,2129343803.0,Canvassed
3543,2180549110.0,Canvassed
3544,2180549152.0,Canvassed
3548,1194504590.0,Canvassed
3551,2157483131.0,Canvassed
3556,1217789970.0,Canvassed
3589,1185501588.0,Canvassed
3602,1203012111.0,Canvassed
3614,1200825824.0,Canvassed
3615,2156536367.0,Canvassed
3616,2174317825.0,Canvassed
3617,2134861574.0,Canvassed
3634,2152579627.0,Canvassed
3655,1180830706.0,Canvassed
3659,1186612782.0,Canvassed
3662,2188492751.0,Canvassed
3665,1176239568.0,Canvassed
3669,1220267743.0,Canvassed
3676,1180944303.0,Canvassed
3678,2185765553.0,Canvassed
3679,2175217278.0,Canvassed
3701,2133014466.0,Canvassed
3706,1160179443.0,Canvassed
3715,1099595704.0,Canvassed
3726,2003174115.0,Canvassed
3733,1112424498.0,Canvassed
3737,1112382329.0,Canvassed
3738,2146065482.0,Canvassed
3742,1209728136.0,Canvassed
3752,2145312281.0,Canvassed
3757,2132600213.0,Canvassed
3767,2140933222.0,Canvassed
3771,1184279451.0,Canvassed
3774,1191775934.0,Canvassed
3777,2145846109.0,Canvassed
3781,1164238969.0,Canvassed
3786,1119228989.0,Canvassed
3793,1120276252.0,Canvassed
3802,1110675681.0,Canvassed
3813,2135789173.0,Canvassed
3814,1211183566.0,Canvassed
3816,2137912904.0,Canvassed
3826,2185547069.0,Canvassed
3827,1206168533.0,Canvassed
3837,2173482085.0,Canvassed
3841,2179362219.0,Canvassed
3848,1197435806.0,Canvassed
3849,2184914501.0,Canvassed
3852,2190990275.0,Canvassed
3868,1177343984.0,Canvassed
3870,2003517202.0,Canvassed
3871,1119153968.0,Canvassed
3874,2154511066.0,Canvassed
3875,2175237878.0,Canvassed
3882,2180219715.0,Canvassed
3903,2161126247.0,Canvassed
3905,1199596963.0,Canvassed
3906,2135100048.0,Canvassed
3907,2159043500.0,Canvassed
3925,1181037023.0,Canvassed
3926,1111875211.0,Canvassed
3927,1119170407.0,Canvassed
3931,1119162572.0,Canvassed
3941,2002920557.0,Canvassed
3949,2155356622.0,Canvassed
3952,2149455729.0,Canvassed
3953,1170204913.0,Canvassed
3966,2133271018.0,Canvassed
3974,2158757907.0,Canvassed
3976,1114816048.0,Canvassed
3978,2168834058.0,Canvassed
3985,1119253892.0,Canvassed
3993,1119245192.0,Canvassed
4006,2159657137.0,Canvassed
4007,1053868893.0,Canvassed
4014,1119163033.0,Canvassed
4023,1212889890.0,Canvassed
4031,2140175778.0,Canvassed
4032,2125663058.0,Canvassed
4033,1220490403.0,Canvassed
4046,2145649103.0,Canvassed
4050,2141361716.0,Canvassed
4054,2179261658.0,Canvassed
4063,2126620412.0,Canvassed
4064,2136984008.0,Canvassed
4065,2159906117.0,Canvassed
4073,1149541629.0,Canvassed
4079,1104719305.0,Canvassed
4084,2155886154.0,Canvassed
4091,2178397247.0,Canvassed
4092,2123394359.0,Canvassed
4106,2134905260.0,Canvassed
4113,2192134100.0,Canvassed
4114,1117119675.0,Canvassed
4115,2124279092.0,Canvassed
4116,2143300555.0,Canvassed
4117,1213879747.0,Canvassed
4118,2152982518.0,Canvassed
4159,1110660209.0,Canvassed
4161,1110660348.0,Canvassed
4178,2159330757.0,Canvassed
4200,1108126687.0,Canvassed
4201,1221811995.0,Canvassed
4214,1173014100.0,Canvassed
4244,1110651891.0,Canvassed
4247,1110629213.0,Canvassed
4254,1103033281.0,Canvassed
4276,2142920135.0,Canvassed
4279,2163193505.0,Canvassed
4280,2179628536.0,Canvassed
4281,2167064842.0,Canvassed
4285,2160602030.0,Canvassed
4322,1103024967.0,Canvassed
4361,2156734487.0,Canvassed
4379,1103130504.0,Canvassed
4381,1197437357.0,Canvassed
4383,1103081301.0,Canvassed
4437,1111875796.0,Canvassed
4438,1111859280.0,Canvassed
4439,1111926457.0,Canvassed
4440,1111825877.0,Canvassed
4441,1111917656.0,Canvassed
4445,1185371162.0,Canvassed
4446,2152982212.0,Canvassed
4447,2119525789.0,Canvassed
4448,2188894697.0,Canvassed
4451,2154910159.0,Canvassed
4452,1217401649.0,Canvassed
4453,1197747794.0,Canvassed
4454,1197305134.0,Canvassed
4455,2144888583.0,Canvassed
4456,2188895260.0,Canvassed
4479,1170957391.0,Canvassed
4491,1211329348.0,Canvassed
4501,2146885652.0,Canvassed
4514,2136744287.0,Canvassed
4530,2166652046.0,Canvassed
4531,1213503791.0,Canvassed
4532,1111892679.0,Canvassed
4533,1154015582.0,Canvassed
4536,2152680715.0,Canvassed
4538,2159942568.0,Canvassed
4547,1111883393.0,Canvassed
4555,1202934629.0,Canvassed
4558,2175490437.0,Canvassed
4560,2139061969.0,Canvassed
4561,2142069542.0,Canvassed
4562,2148411508.0,Canvassed
4566,2194922239.0,Canvassed
4568,1111867068.0,Canvassed
4659,2168832305.0,Canvassed
4660,2148605284.0,Canvassed
4661,1111875950.0,Canvassed
4662,2138831525.0,Canvassed
4663,2164645355.0,Canvassed
4664,2184416359.0,Canvassed
4665,2159905921.0,Canvassed
4666,2186293404.0,Canvassed
4667,2180546784.0,Canvassed
4668,2172008686.0,Canvassed
4669,2190846274.0,Canvassed
4670,1195155790.0,Canvassed
4685,1108046034.0,Canvassed
4686,2145385545.0,Canvassed
4696,2129478962.0,Canvassed
4697,2139834043.0,Canvassed
4699,1119195204.0,Canvassed
4723,1217669247.0,Canvassed
4724,2155980966.0,Canvassed
4752,1178204730.0,Canvassed
4753,1142940243.0,Canvassed
4766,2000987149.0,Canvassed
4771,2136652809.0,Canvassed
4776,2160056951.0,Canvassed
4777,2177340441.0,Canvassed
4790,2186737142.0,Canvassed
4791,1144474638.0,Canvassed
4792,2001224279.0,Canvassed
4795,2163152144.0,Canvassed
4840,1111875783.0,Canvassed
4841,2003257569.0,Canvassed
4846,2131243092.0,Canvassed
4847,1150388637.0,Canvassed
4866,1145041593.0,Canvassed
4894,1212287813.0,Canvassed
4895,2189019274.0,Canvassed
4896,,Canvassed
4898,2130591985.0,Canvassed
4899,1111926211.0,Canvassed
4906,2131681383.0,Canvassed
4909,1000746850.0,Canvassed
4914,1102374642.0,Canvassed
4915,1171104923.0,Canvassed
4916,1102280725.0,Canvassed
4917,2003495823.0,Canvassed
4926,1166328595.0,Canvassed
4945,1208877958.0,Canvassed
4946,2122527164.0,Canvassed
4948,2177675364.0,Canvassed
4952,2190057072.0,Canvassed
4956,1102326977.0,Canvassed
4968,1185624812.0,Canvassed
4969,1104258166.0,Canvassed
4970,1104258514.0,Canvassed
4973,1158745699.0,Canvassed
4978,1197806160.0,Canvassed
4979,1102264461.0,Canvassed
4980,1222064884.0,Canvassed
4982,1102265186.0,Canvassed
4983,2175422367.0,Canvassed
4984,1102319268.0,Canvassed
4988,1102319275.0,Canvassed
4993,2141621751.0,Canvassed
4994,1218222978.0,Canvassed
4995,1141667529.0,Canvassed
4996,1102367111.0,Canvassed
4997,1109983723.0,Canvassed
4998,1102335598.0,Canvassed
5000,1217301653.0,Canvassed
5005,2142957838.0,Canvassed
5007,2162419964.0,Canvassed
5012,2189281888.0,Canvassed
5024,1145344464.0,Canvassed
5026,2162272575.0,Canvassed
5045,2147097909.0,Canvassed
5047,2178620093.0,Canvassed
5109,1173401318.0,Canvassed
5110,,Canvassed
5137,1212582020.0,Canvassed
5138,1111875160.0,Canvassed
5139,2155351062.0,Canvassed
5140,2192873811.0,Canvassed
5141,1111883099.0,Canvassed
5142,2143115360.0,Canvassed
5143,2161222942.0,Canvassed
5144,1102367013.0,Canvassed
5145,1102320022.0,Canvassed
5146,1111824775.0,Canvassed
5156,1111883121.0,Canvassed
5183,1111908455.0,Canvassed
5185,1168560271.0,Canvassed
5187,2134024337.0,Canvassed
5188,1119245440.0,Canvassed
5194,2177082197.0,Canvassed
5195,1105736214.0,Canvassed
5225,2177943329.0,Canvassed
5226,2155607136.0,Canvassed
5227,1111850247.0,Canvassed
5228,1111800184.0,Canvassed
5229,1111891751.0,Canvassed
5230,1111908308.0,Canvassed
5231,2141406854.0,Canvassed
5243,2122524892.0,Canvassed
5245,2173834059.0,Canvassed
5246,1111908562.0,Canvassed
5247,2154309425.0,Canvassed
5248,2177000443.0,Canvassed
5249,1102374275.0,Canvassed
5250,2127168607.0,Canvassed
5251,1151308393.0,Canvassed
5252,2002718545.0,Canvassed
5265,1111824781.0,Canvassed
5271,2186035822.0,Canvassed
5272,2135547178.0,Canvassed
5288,2130195385.0,Canvassed
5289,1149637256.0,Canvassed
5290,1170318963.0,Canvassed
5313,2193001195.0,Canvassed
5322,2124746220.0,Canvassed
5326,1017182182.0,Canvassed
5328,1209409613.0,Canvassed
5329,2120696129.0,Canvassed
5348,1111200305.0,Canvassed
5350,2155173673.0,Canvassed
5351,2145890750.0,Canvassed
5361,1111271640.0,Canvassed
5362,1111199706.0,Canvassed
5369,1111191689.0,Canvassed
5375,2158582966.0,Canvassed
5380,2183835667.0,Canvassed
5381,2183835667.0,Canvassed
5389,2152559524.0,Canvassed
5392,1111151440.0,Canvassed
5403,1111159946.0,Canvassed
5405,2160116979.0,Canvassed
5406,1111159946.0,Canvassed
5411,1171575146.0,Canvassed
5426,2122362272.0,Canvassed
5433,2187096319.0,Canvassed
5434,1111271297.0,Canvassed
5435,1191485059.0,Canvassed
5449,1111271808.0,Canvassed
5456,1210806904.0,Canvassed
5457,2132858247.0,Canvassed
5458,2119923743.0,Canvassed
5468,1110490305.0,Canvassed
5475,2191473718.0,Canvassed
5476,2137204991.0,Canvassed
5477,1220157134.0,Canvassed
5484,1111191403.0,Canvassed
5495,1221416501.0,Canvassed
5502,1111240412.0,Canvassed
5504,1203672018.0,Canvassed
5505,1187811017.0,Canvassed
5506,1111223981.0,Canvassed
5507,1187811017.0,Canvassed
5518,1219348932.0,Canvassed
5530,1186820603.0,Canvassed
5531,2152383833.0,Canvassed
5532,,Canvassed
5533,1111256126.0,Canvassed
5544,1111150590.0,Canvassed
5545,2164880106.0,Canvassed
5546,1152341599.0,Canvassed
5547,1152341599.0,Canvassed
5561,1111255459.0,Canvassed
5567,1152135363.0,Canvassed
5571,1152135363.0,Canvassed
5574,2164963388.0,Canvassed
5575,1111159807.0,Canvassed
5585,2180637795.0,Canvassed
5592,2154747228.0,Canvassed
5594,2154747228.0,Canvassed
5600,1111255459.0,Canvassed
5601,1111773457.0,Canvassed
5602,2160909254.0,Canvassed
5619,2153387169.0,Canvassed
5620,2134018724.0,Canvassed
5639,1208874539.0,Canvassed
5655,2160360761.0,Canvassed
5667,2134303303.0,Canvassed
5676,2166511650.0,Canvassed
5682,2164555540.0,Canvassed
5694,1099277361.0,Canvassed
5702,2173508462.0,Canvassed
5703,1108882224.0,Canvassed
5714,2137932633.0,Canvassed
5715,1189629488.0,Canvassed
5785,2127331141.0,Canvassed
5813,2185992069.0,Canvassed
5831,1117177035.0,Canvassed
5836,1215104960.0,Canvassed
5843,2169864556.0,Canvassed
5848,2183834684.0,Canvassed
5853,1217342287.0,Canvassed
5862,2165195644.0,Canvassed
5871,2173970536.0,Canvassed
5872,2146340810.0,Canvassed
5873,2137838241.0,Canvassed
5878,2180548643.0,Canvassed
5880,2120751029.0,Canvassed
5881,1151013127.0,Canvassed
5887,1146497746.0,Canvassed
5893,1178860474.0,Canvassed
5901,1170206464.0,Canvassed
5913,,Canvassed
5919,1219901696.0,Canvassed
5923,1190603048.0,Canvassed
5925,1181773817.0,Canvassed
5926,2180405452.0,Canvassed
5932,2173947863.0,Canvassed
5935,2189549399.0,Canvassed
5940,1108874305.0,Canvassed
5948,1166096095.0,Canvassed
5955,1190764827.0,Canvassed
5959,1181367596.0,Canvassed
5962,2125416449.0,Canvassed
5968,2156919206.0,Canvassed
5969,1185556416.0,Canvassed
5974,1110247214.0,Canvassed
5978,2001287292.0,Canvassed
5982,2186343444.0,Canvassed
5993,1108783139.0,Canvassed
6001,2140781629.0,Canvassed
6005,1212231522.0,Canvassed
6006,2147277015.0,Canvassed
6009,1158474139.0,Canvassed
6018,1169373324.0,Canvassed
6021,2152679362.0,Canvassed
6023,1102710376.0,Canvassed
6025,2186450155.0,Canvassed
6030,1099732469.0,Canvassed
6041,1164623293.0,Canvassed
6043,2130824091.0,Canvassed
6046,1167112753.0,Canvassed
6048,1193388083.0,Canvassed
6051,1108882627.0,Canvassed
6061,2158212569.0,Canvassed
6068,2175066052.0,Canvassed
6069,2002285208.0,Canvassed
6070,1183852551.0,Canvassed
6080,1110222403.0,Canvassed
6081,1110183233.0,Canvassed
6082,2130817248.0,Canvassed
6083,1108828983.0,Canvassed
6084,1121540857.0,Canvassed
6095,2173151499.0,Canvassed
6096,2150548654.0,Canvassed
6103,2186128964.0,Canvassed
6108,1155637218.0,Canvassed
6112,2143662795.0,Canvassed
6115,1217305463.0,Canvassed
6129,1108828880.0,Canvassed
6132,1105771090.0,Canvassed
6133,2128756815.0,Canvassed
6145,1198060942.0,Canvassed
6154,1168495612.0,Canvassed
6155,1191073745.0,Canvassed
6157,1152335662.0,Canvassed
6159,2159607023.0,Canvassed
6163,1150722627.0,Canvassed
6167,2135577847.0,Canvassed
6187,1152820184.0,Canvassed
6188,2132704749.0,Canvassed
6192,1035972709.0,Canvassed
6196,1111231547.0,Canvassed
6198,1111191282.0,Canvassed
6199,1203307845.0,Canvassed
6207,1108820431.0,Canvassed
6208,2156435795.0,Canvassed
6214,1108821290.0,Canvassed
6215,1111263979.0,Canvassed
6224,2161199706.0,Canvassed
6226,1108859232.0,Canvassed
6232,2002010584.0,Canvassed
6235,1108898114.0,Canvassed
6244,2173648438.0,Canvassed
6250,1108897459.0,Canvassed
6251,1106735337.0,Canvassed
6261,1111271664.0,Canvassed
6265,1192893318.0,Canvassed
6273,2136212960.0,Canvassed
6277,1108866824.0,Canvassed
6293,1212580490.0,Canvassed
6310,2134226494.0,Canvassed
6327,1200694166.0,Canvassed
6333,1185767924.0,Canvassed
6334,2120349602.0,Canvassed
6336,2120349602.0,Canvassed
6341,1118284708.0,Canvassed
6351,1099611726.0,Canvassed
6391,2161224123.0,Canvassed
6393,2193152049.0,Canvassed
6395,2157884030.0,Canvassed
6401,2180517904.0,Canvassed
6404,1112184220.0,Canvassed
6405,2147849796.0,Canvassed
6407,1102264380.0,Canvassed
6408,2180165976.0,Canvassed
6410,2147098203.0,Canvassed
6412,1108835523.0,Canvassed
6413,1102312020.0,Canvassed
6442,1102366351.0,Canvassed
6449,1164407663.0,Canvassed
6451,1154222105.0,Canvassed
6453,2153889212.0,Canvassed
6461,1158949508.0,Canvassed
6464,1108851688.0,Canvassed
6469,2186343751.0,Canvassed
6470,2131502415.0,Canvassed
6472,1158750635.0,Canvassed
6479,1102349865.0,Canvassed
6492,1171747409.0,Canvassed
6501,1160346770.0,Canvassed
6503,2129775316.0,Canvassed
6510,1192440267.0,Canvassed
6511,2148297082.0,Canvassed
6528,1160346770.0,Canvassed
6539,2146909057.0,Canvassed
6541,2191112090.0,Canvassed
6545,2147815927.0,Canvassed
6565,,Canvassed
6567,1103283705.0,Canvassed
6571,2158944415.0,Canvassed
6598,1203308684.0,Canvassed
6599,1102319880.0,Canvassed
6600,1102304282.0,Canvassed
6622,1215544448.0,Canvassed
6623,1102327433.0,Canvassed
6624,1178956027.0,Canvassed
6625,2188489848.0,Canvassed
6639,1102311470.0,Canvassed
6644,1102310346.0,Canvassed
6645,2149600488.0,Canvassed
6689,2154153693.0,Canvassed
6700,1199572058.0,Canvassed
6709,1205506828.0,Canvassed
6710,1108790363.0,Canvassed
6711,1176539828.0,Canvassed
6712,1111175969.0,Canvassed
6715,2178754465.0,Canvassed
6717,1110761146.0,Canvassed
6750,1108873960.0,Canvassed
6763,2173587531.0,Canvassed
6764,2160122108.0,Canvassed
6781,2173151520.0,Canvassed
6784,2179425677.0,Canvassed
6787,1033531238.0,Canvassed
6799,1103744604.0,Canvassed
6800,1103721246.0,Canvassed
6806,2169025593.0,Canvassed
6807,2132734681.0,Canvassed
6816,2173728435.0,Canvassed
6826,2129784681.0,Canvassed
6832,2154310944.0,Canvassed
6847,2156922143.0,Canvassed
6864,2175500843.0,Canvassed
6865,1110611341.0,Canvassed
6866,2132242271.0,Canvassed
6867,2175635473.0,Canvassed
6869,1119042567.0,Canvassed
6874,2139834908.0,Canvassed
6879,1105678899.0,Canvassed
6880,1119187903.0,Canvassed
6883,2164254664.0,Canvassed
6900,2192668773.0,Canvassed
6901,1119270349.0,Canvassed
6910,1119034815.0,Canvassed
6914,1119187704.0,Canvassed
6915,1119058861.0,Canvassed
6938,2144164021.0,Canvassed
6942,2139853698.0,Canvassed
6947,1116899310.0,Canvassed
6948,2129481057.0,Canvassed
6949,1117850098.0,Canvassed
6950,1214032957.0,Canvassed
6951,2134220242.0,Canvassed
6957,2176521321.0,Canvassed
6958,2157526543.0,Canvassed
6973,1119170610.0,Canvassed
6988,2156732367.0,Canvassed
7008,2001223260.0,Canvassed
7010,1119195449.0,Canvassed
7012,2162419453.0,Canvassed
7023,,Canvassed
7027,2191284796.0,Canvassed
7043,1110643387.0,Canvassed
7044,,Canvassed
7045,1110619508.0,Canvassed
7060,1119203572.0,Canvassed
7070,2143658566.0,Canvassed
7071,2163374000.0,Canvassed
7077,2161200346.0,Canvassed
7081,1116289094.0,Canvassed
